DROP DATABASE IF EXISTS TOOLSHOP;
CREATE DATABASE TOOLSHOP;
USE TOOLSHOP;

DROP TABLE IF EXISTS EMPLOYEE;
CREATE TABLE EMPLOYEE (
    Employee_ID     INT PRIMARY KEY,
    FirstName       VARCHAR(50),
    MiddleInitial   CHAR(1),
    LastName        VARCHAR(50),
    PhoneNumber     VARCHAR(20)
);

DROP TABLE IF EXISTS MANAGER;
CREATE TABLE MANAGER (
    Employee_ID     INT PRIMARY KEY,
    Manager_Salary  DECIMAL(10,2),
    FOREIGN KEY (Employee_ID) REFERENCES EMPLOYEE(Employee_ID)
);

DROP TABLE IF EXISTS SALES_ASSOCIATE;
CREATE TABLE SALES_ASSOCIATE (
    Employee_ID     INT PRIMARY KEY,
    Commission_Rate DECIMAL(4,2),
    FOREIGN KEY (Employee_ID) REFERENCES EMPLOYEE(Employee_ID)
);

DROP TABLE IF EXISTS CUSTOMER;
CREATE TABLE CUSTOMER (
    Customer_ID     INT PRIMARY KEY,
    FirstName       VARCHAR(50),
    MiddleInitial   CHAR(1),
    LastName        VARCHAR(50),
    Address         VARCHAR(100)
);

DROP TABLE IF EXISTS PURCHASE;
CREATE TABLE PURCHASE (
    Purchase_ID         INT PRIMARY KEY,
    Purchase_Date       DATE,
    Total_Cost          DECIMAL(10,2),
    Sales_Associate_ID   INT,
    Customer_ID         INT,
    FOREIGN KEY (Sales_Associate_ID) REFERENCES SALES_ASSOCIATE(Employee_ID),
    FOREIGN KEY (Customer_ID) REFERENCES CUSTOMER(Customer_ID)
);

DROP TABLE IF EXISTS SUPPLIER;
CREATE TABLE SUPPLIER (
    Supplier_ID     INT PRIMARY KEY,
    Phone           VARCHAR(20),
    Address         VARCHAR(100)
);

DROP TABLE IF EXISTS TOOL;
CREATE TABLE TOOL (
    Tool_ID             INT PRIMARY KEY,
    Price               DECIMAL(10,2),
    Tool_Type           VARCHAR(50),
    Quantity_In_Stock   INT,
    Name                VARCHAR(50),
    Supplier_ID         INT,
    FOREIGN KEY (Supplier_ID) REFERENCES SUPPLIER(Supplier_ID)
);

DROP TABLE IF EXISTS PURCHASE_LINE;
CREATE TABLE PURCHASE_LINE (
    Purchase_ID     INT,
    Tool_ID         INT,
    Line_Number     INT,
    Quantity        INT,
    PRIMARY KEY (Purchase_ID, Tool_ID, Line_Number),
    FOREIGN KEY (Purchase_ID) REFERENCES PURCHASE(Purchase_ID),
    FOREIGN KEY (Tool_ID) REFERENCES TOOL(Tool_ID)
);

DROP TABLE IF EXISTS PAYMENT;
CREATE TABLE PAYMENT (
    Payment_ID      INT PRIMARY KEY,
    Payment_Type    VARCHAR(50),
    Amount          DECIMAL(10,2),
    Customer_ID     INT,
    FOREIGN KEY (Customer_ID) REFERENCES CUSTOMER(Customer_ID)
);

DROP TABLE IF EXISTS ORDERS;
CREATE TABLE ORDERS (
    Order_ID        INT PRIMARY KEY,
    Order_Date      DATE,
    Total_Cost      DECIMAL(10,2),
    Manager_ID      INT,
    FOREIGN KEY (Manager_ID) REFERENCES MANAGER(Employee_ID)
);

DROP TABLE IF EXISTS ORDER_LINE;
CREATE TABLE ORDER_LINE (
    Order_ID            INT,
    Line_No             INT,
    Tool_ID             INT,
    Quantity            INT,
    PRIMARY KEY (Order_ID, Line_No),
    FOREIGN KEY (Order_ID) REFERENCES ORDERS(Order_ID),
    FOREIGN KEY (Tool_ID) REFERENCES TOOL(Tool_ID)
);


-- Data Insertion


-- CUSTOMER

INSERT INTO CUSTOMER VALUES(1, 'Tom',' ' ,'Hanks', 'New York');
INSERT INTO CUSTOMER VALUES(2, 'Brad',' ' ,'Pitt', 'California');
INSERT INTO CUSTOMER VALUES(3, 'John',' ' ,'Wick', 'Paris');
INSERT INTO CUSTOMER VALUES(4, 'Keanu',' ' ,'Reeves', 'London');
INSERT INTO CUSTOMER VALUES(5, 'Elon',' ' ,'Musk', 'DC Washington');
INSERT INTO CUSTOMER VALUES(6, 'Mark',' ' ,'Alan', 'Boston');
INSERT INTO CUSTOMER VALUES(7, 'Dwayne',' ' ,'Johnson', 'Florida');
INSERT INTO CUSTOMER VALUES(8, 'John',' ' ,'Cena', 'New York');
INSERT INTO CUSTOMER VALUES(9, 'Robert',' ' ,'Deniro', 'New York');
INSERT INTO CUSTOMER VALUES(10, 'Tom',' ' ,'Hardy', 'Boston');



-- EMPLOYEE

INSERT INTO EMPLOYEE VALUES (1, 'Lionel', ' ', 'Messi', '+37 2354272');
INSERT INTO EMPLOYEE VALUES (2, 'Cristiano', ' ', 'Ronaldo', '+962 4563832');
INSERT INTO EMPLOYEE VALUES (3, 'Neymar', ' ', 'Junior', '+37 247562659');
INSERT INTO EMPLOYEE VALUES (4, 'Diego', ' ', 'Maradona', '+44 8765349');
INSERT INTO EMPLOYEE VALUES (5, 'Zlatan', ' ', 'Ibrahimovic', '+1 23541272');
INSERT INTO EMPLOYEE VALUES (6, 'Robert', ' ', 'Lewandowski', '+1 5054272');
INSERT INTO EMPLOYEE VALUES (7, 'Vinicous', ' ', 'Junior', '+1 63954272');
INSERT INTO EMPLOYEE VALUES (8, 'Kareem', ' ', 'Benzema', '+1 7384272');
INSERT INTO EMPLOYEE VALUES (9, 'Andy', ' ', 'Roberts', '+1 8354772');
INSERT INTO EMPLOYEE VALUES (10, 'Wayne', ' ', 'Rooney', '+1 9356272');


-- Manager 

INSERT INTO MANAGER VALUES(1, 20000.00);
INSERT INTO MANAGER VALUES(3, 15000.00);
INSERT INTO MANAGER VALUES(5, 18000.00);


-- SUPPLIER

INSERT INTO SUPPLIER VALUES(1, '+1 62321893','New York');
INSERT INTO SUPPLIER VALUES(2, '+1 39874923','DC Washington');
INSERT INTO SUPPLIER VALUES(3, '+44 24525467','London');
INSERT INTO SUPPLIER VALUES(4, '+1 29857933','New York');
INSERT INTO SUPPLIER VALUES(5, '+37 23786585','Paris');
INSERT INTO SUPPLIER VALUES(6, '+1 29384332','New York');
INSERT INTO SUPPLIER VALUES(7, '+1 234769245','Florida');
INSERT INTO SUPPLIER VALUES(8, '+44 93874904','Manchester');
INSERT INTO SUPPLIER VALUES(9, '+1 215548589','Boston');
INSERT INTO SUPPLIER VALUES(10, '+1 34547883','New York');


-- SALES_ASSOCIATE

INSERT into SALES_ASSOCIATE VALUES(2, 4.0);
INSERT into SALES_ASSOCIATE VALUES(4, 4.0);
INSERT into SALES_ASSOCIATE VALUES(6, 4.5);
INSERT into SALES_ASSOCIATE VALUES(7, 5.0);
INSERT into SALES_ASSOCIATE VALUES(8, 5.0);
INSERT into SALES_ASSOCIATE VALUES(9, 5.0);
INSERT into SALES_ASSOCIATE VALUES(10, 3.5);


-- TOOL

INSERT INTO TOOL VALUES(101, 30.0, 'Mechanical', 12, 'Strippers', 2);
INSERT INTO TOOL VALUES(102, 20.0, 'Mechanical', 200, 'Pin', 3);
INSERT INTO TOOL VALUES(103, 200.0, 'Electrical', 10, 'Microvave oven', 4);
INSERT INTO TOOL VALUES(104, 10.0, 'Mechanical', 45, 'Scrapper', 5);
INSERT INTO TOOL VALUES(105, 30.0, 'Mechanical', 12, 'Piler', 6);
INSERT INTO TOOL VALUES(106, 40.0, 'Electrical', 120, 'Bulb', 7);
INSERT INTO TOOL VALUES(107, 40.0, 'Electrical', 110, 'cable', 8);
INSERT INTO TOOL VALUES(108, 50.0, 'Mechanical', 59, 'Screw Driver', 2);
INSERT INTO TOOL VALUES(109, 60.0, 'Electrical', 12, 'Strippers', 1);
INSERT INTO TOOL VALUES(110, 70.0, 'Mechanical', 25, 'HackSaw', 3);
INSERT INTO TOOL VALUES(111, 35.0, 'Mechanical', 29, 'Wire Cutter', 4);
INSERT INTO TOOL VALUES(112, 45.0, 'Mechanical', 75, 'Wrench', 9);
INSERT INTO TOOL VALUES(113, 55.0, 'Electrical', 122, 'Heat Gun', 10);
INSERT INTO TOOL VALUES(114, 67.5, 'Mechanical', 34, 'Hand Drill', 10);
INSERT INTO TOOL VALUES(115, 75.0, 'Electrical', 44, 'Electric Cutter', 8);



-- ORDERS 

INSERT INto ORDERS VALUES(1001, '2022-10-01', 35.0 , 1 );
INSERT INto ORDERS VALUES(1002, '2022-11-11', 70.0 , 1 );
INSERT INto ORDERS VALUES(1003, '2022-11-21', 82.0 , 3 );
INSERT INto ORDERS VALUES(1004, '2022-11-24', 120.0 , 3 );
INSERT INto ORDERS VALUES(1005, '2022-12-01', 55.0 , 5 );
INSERT INto ORDERS VALUES(1006, '2022-12-11', 65.0 , 3 );
INSERT INto ORDERS VALUES(1007, '2022-12-21', 75.0 , 5 );
INSERT INto ORDERS VALUES(1008, '2022-12-31', 85.0 , 5 );
INSERT INto ORDERS VALUES(1009, '2022-12-31', 95.0 , 5 );
INSERT INto ORDERS VALUES(1010, '2023-01-01', 115.0 , 1 );
INSERT INto ORDERS VALUES(1011, '2023-01-21', 135.0 , 5 );
INSERT INto ORDERS VALUES(1012, '2023-02-27', 50.0 , 1 );
INSERT INto ORDERS VALUES(1013, '2023-03-22', 60.0 , 3 );





-- ORDER_LINE 


INSERT INto ORDER_LINE VALUES(1001, 1, 102, 2 );
INSERT INto ORDER_LINE VALUES(1001, 2, 103, 1 );
INSERT INto ORDER_LINE VALUES(1001, 3, 104, 1 );
INSERT INto ORDER_LINE VALUES(1002, 4, 105, 1 );
INSERT INto ORDER_LINE VALUES(1002, 5, 106, 1 );
INSERT INto ORDER_LINE VALUES(1003, 6, 107, 1 );
INSERT INto ORDER_LINE VALUES(1004, 7, 108, 1 );
INSERT INto ORDER_LINE VALUES(1005, 8, 109, 1 );
INSERT INto ORDER_LINE VALUES(1006, 9, 101, 1 );
INSERT INto ORDER_LINE VALUES(1006, 10, 102, 3 );
INSERT INto ORDER_LINE VALUES(1007, 11, 105, 1 );
INSERT INto ORDER_LINE VALUES(1007, 12, 106, 1 );
INSERT INto ORDER_LINE VALUES(1007, 13, 107, 1 );
INSERT INto ORDER_LINE VALUES(1008, 14, 108, 1 );
INSERT INto ORDER_LINE VALUES(1008, 15, 109, 1 );
INSERT INto ORDER_LINE VALUES(1009, 16, 111, 1 );
INSERT INto ORDER_LINE VALUES(1009, 17, 112, 1 );
INSERT INto ORDER_LINE VALUES(1010, 18, 112, 1 );
INSERT INto ORDER_LINE VALUES(1011, 19, 114, 1 );
INSERT INto ORDER_LINE VALUES(1012, 20, 112, 1 );
INSERT INto ORDER_LINE VALUES(1012, 21, 114, 1 );
INSERT INto ORDER_LINE VALUES(1013, 22, 115, 1 );
INSERT INto ORDER_LINE VALUES(1013, 23, 102, 2 );


-- PAYMENT 

INSERT INTO PAYMENT VALUES(1, 'Cash', 35, 1);
INSERT INTO PAYMENT VALUES(2, 'Cash', 82, 2);
INSERT INTO PAYMENT VALUES(3, 'Credit Card', 55, 3);
INSERT INTO PAYMENT VALUES(4, 'Cash', 135, 4);
INSERT INTO PAYMENT VALUES(5, 'Credit CardCash', 115, 5);
INSERT INTO PAYMENT VALUES(6, 'Cash', 95, 6);
INSERT INTO PAYMENT VALUES(7, 'Credit Card', 55, 7);
INSERT INTO PAYMENT VALUES(8, 'Credit Card', 50, 1);
INSERT INTO PAYMENT VALUES(9, 'Credit Card', 65, 2);
INSERT INTO PAYMENT VALUES(10, 'Cash', 60, 8);
INSERT INTO PAYMENT VALUES(11, 'Credit Card', 70, 9);
INSERT INTO PAYMENT VALUES(12, 'Credit Card', 75, 1);



-- PURCHASE 

INSERT INTO PURCHASE VALUES(1, '2022-10-10', 110, 2, 1);
INSERT INTO PURCHASE VALUES(2, '2022-10-11', 120, 4, 2);
INSERT INTO PURCHASE VALUES(3, '2022-11-12', 130, 6, 3);
INSERT INTO PURCHASE VALUES(4, '2022-11-13', 140, 7, 4);
INSERT INTO PURCHASE VALUES(5, '2022-11-14', 150, 8, 5);
INSERT INTO PURCHASE VALUES(6, '2022-11-15', 160, 9, 1);
INSERT INTO PURCHASE VALUES(7, '2022-11-16', 170, 10, 2);
INSERT INTO PURCHASE VALUES(8, '2022-12-17', 180, 2, 3);
INSERT INTO PURCHASE VALUES(9, '2022-12-18', 190, 4, 7);
INSERT INTO PURCHASE VALUES(10, '2022-12-19', 115, 6, 8);
INSERT INTO PURCHASE VALUES(11, '2023-01-20', 125, 8, 9);


-- PURCHASE_LINE 

INSERT INTO PURCHASE_LINE VALUES(1, 101, 1, 20);
INSERT INTO PURCHASE_LINE VALUES(1, 102, 2, 20);
INSERT INTO PURCHASE_LINE VALUES(2, 101, 3, 10);
INSERT INTO PURCHASE_LINE VALUES(3, 101, 4, 10);
INSERT INTO PURCHASE_LINE VALUES(4, 101, 5, 10);
INSERT INTO PURCHASE_LINE VALUES(5, 101, 6, 10);
INSERT INTO PURCHASE_LINE VALUES(6, 101, 7, 100);
INSERT INTO PURCHASE_LINE VALUES(7, 101, 8, 200);
INSERT INTO PURCHASE_LINE VALUES(8, 101, 9, 35);
INSERT INTO PURCHASE_LINE VALUES(9, 101, 10, 60);
INSERT INTO PURCHASE_LINE VALUES(10, 101, 11, 70);
INSERT INTO PURCHASE_LINE VALUES(11, 101, 12, 50);



